FAKE GAMES;RANDOM APPS;SERIOUS GAMES
com.gameloft.android.ANMP.GloftL2HM;it.argosoft.didup.famiglia.new;com.sinyee.babybus.princessII
com.com2us.nbanow2.android.google.global.normal;it.argosoft.Famiglia;com.gokids.transportbuilding
eu.nordeus.topeleven.android;com.google.android.apps.classroom;jp.co.ofcr.cm00
com.activision.callofduty.shooter;com.microblink.photomath;com.sinyee.babybus.tailor
com.miHoYo.GenshinImpact;eu.spaggiari.classevivafamiglia;com.PepiPlay.KingsCastle
com.netmarble.nanagb;com.axiositalia.re.family;com.princess.coloring
com.yunchang.act.megaman.us;com.duolingo;mytown.home
com.yolostudio.squidsurvival;com.bagatrix.mathway.android;com.PepiPlay.PepiHospital
com.evolution.hyper;com.babbel.mobile.android.en;mytown.police
com.mojang.minecraftpe;com.app.concorsando;com.tutotoons.app.fluvsies.free
com.zigzagame.evertale;com.ewa.ewaapp;com.color.mandala
com.agaming.thesun.origin;it.fourbooks.app;com.sinyee.babybus.icecream
com.marmalade.monopoly;org.domestika;com.binibambini.abc
com.rockstargames.gtasa;com.atistudios.mondly.languages;com.sinyee.babybus.shopping
com.moonactive.coinmaster;com.abaenglish.videoclass;com.sinyee.babybus.garden
com.supercell.clashroyale;cn.danatech.xingseus;com.sinyee.babybus.amusement
com.king.candycrushsaga;air.nn.mobile.app.main;com.sinyee.babybus.care
com.playrix.gardenscapes;edu.mit.appinventor.aicompanion3;com.sinyee.babybus.career
com.playrix.homescapes;com.DeALink;com.sinyee.babybus.taxi
com.tencent.ig;no.mobitroll.kahoot.android;com.sinyee.babybus.world
com.diamondlife.slots.vegas.free;it.tccglobal.com.amicidiscuola;com.sinyee.babybus.policemen
com.platogo.pmp;com.glority.picturemushroom;com.sinyee.babybus.drinks
com.grandegames.slots.dafu.casino;com.terracciano.physics_master;com.sinyee.babybus.food
air.com.playtika.slotomania;com.edena.mininterno;mytown.friendsclub
slots.dcg.casino.games.free.android;com.drivinginst.itcode;mytown.friendshouse.free
com.murka.scatterslots;it.scuolaelettrica.grammaticale;mytown.fashion
com.bagelcode.slots1;it.maieuticallabs.mylim;mytown.beautycontest.free
com.platogo.gmp;it.loescher.scopripiu;com.pepiplay.pepihome
com.mola.playspace.android.bingo;it.loescher.castiglionimariotti;com.PepiPlay.PepiShopping
com.nekki.shadowfight;it.loescher.montanari;com.kooapps.pictowordandroid
com.sonypicturestelevision.zombieland;com.libreidee.suonatu;com.tangramgames.gourddoll.wordcrush
com.allstarunion.bap;com.appcreators.chatzone;com.binibambini.minidancing
global.hotel.twgame;com.glovo;com.ayasis.mentalup
com.yym.loveesquiremobile;com.hm.goe;com.playhome.plus
com.gameloft.android.ANMP.GloftW2HM;com.fontskeyboard.fonts;com.playtoddlers.urbancitystories.free
com.archosaur.jp.sgzgc.gp;com.ringpro.popular.freerings;com.kidsfoodinc.unicorn.cooking.game
com.ea.gp.nbamobile;com.simejikeyboard;br.com.tapps.myboo
com.goodgamestudios.bigfarmmobileharvest;com.zhiliaoapp.musically;biz.arrowstar.funnyfood2
com.gametaiwan.jjna;com.instagram.android;mytown.preschool.free
com.igg.android.doomsdaylastsurvivors;com.twitter.android;mytown.hauntedhouse.free
;com.snapchat.android;
